<?xml version="1.0" encoding="UTF-8"?>
<GenRun Id="crp_arck_fifo_4_0_synth_1" LaunchPart="xc7a35tcpg236-1" LaunchTime="1665018647">
  <File Type="PA-TCL" Name="crp_arck_fifo_4_0.tcl"/>
  <File Type="RDS-PROPCONSTRS" Name="crp_arck_fifo_4_0_drc_synth.rpt"/>
  <File Type="REPORTS-TCL" Name="crp_arck_fifo_4_0_reports.tcl"/>
  <File Type="RDS-RDS" Name="crp_arck_fifo_4_0.vds"/>
  <File Type="RDS-UTIL" Name="crp_arck_fifo_4_0_utilization_synth.rpt"/>
  <File Type="RDS-UTIL-PB" Name="crp_arck_fifo_4_0_utilization_synth.pb"/>
  <File Type="RDS-DCP" Name="crp_arck_fifo_4_0.dcp"/>
  <File Type="VDS-TIMINGSUMMARY" Name="crp_arck_fifo_4_0_timing_summary_synth.rpt"/>
  <File Type="VDS-TIMING-PB" Name="crp_arck_fifo_4_0_timing_summary_synth.pb"/>
  <FileSet Name="sources" Type="BlockSrcs" RelSrcDir="$PSRCDIR/crp_arck_fifo_4_0">
    <File Path="$PSRCDIR/sources_1/bd/crp_arck/ip/crp_arck_fifo_4_0/crp_arck_fifo_4_0.xci">
      <FileInfo>
        <Attr Name="UsedIn" Val="synthesis"/>
        <Attr Name="UsedIn" Val="implementation"/>
        <Attr Name="UsedIn" Val="simulation"/>
      </FileInfo>
    </File>
    <Config>
      <Option Name="TopModule" Val="crp_arck_fifo_4_0"/>
      <Option Name="UseBlackboxStub" Val="1"/>
    </Config>
  </FileSet>
  <FileSet Name="constrs_in" Type="BlockSrcs" RelSrcDir="$PSRCDIR/crp_arck_fifo_4_0">
    <File Path="$PSRCDIR/sources_1/bd/crp_arck/ip/crp_arck_fifo_4_0/crp_arck_fifo_4_0.xci">
      <FileInfo>
        <Attr Name="UsedIn" Val="synthesis"/>
        <Attr Name="UsedIn" Val="implementation"/>
        <Attr Name="UsedIn" Val="simulation"/>
      </FileInfo>
    </File>
    <Config>
      <Option Name="TopModule" Val="crp_arck_fifo_4_0"/>
      <Option Name="UseBlackboxStub" Val="1"/>
    </Config>
  </FileSet>
  <FileSet Name="utils" Type="Utils" RelSrcDir="$PSRCDIR/utils_1">
    <Filter Type="Utils"/>
    <Config>
      <Option Name="TopAutoSet" Val="TRUE"/>
    </Config>
  </FileSet>
  <Strategy Version="1" Minor="2">
    <StratHandle Name="Vivado Synthesis Defaults" Flow="Vivado Synthesis 2021">
      <Desc>Vivado Synthesis Defaults</Desc>
    </StratHandle>
    <Step Id="synth_design"/>
  </Strategy>
</GenRun>
