<?xml version="1.0"?>
<Runs Version="1" Minor="0">
	<Run Id="crp_arck_fifo_0_0_synth_1" LaunchDir="C:/Users/trevo/CRP/CRP.runs/crp_arck_fifo_0_0_synth_1" FlowId="Vivado_Synthesis" FromStepId="vivado" ToStepId="vivado"/>
	<Run Id="crp_arck_fifo_0_1_synth_1" LaunchDir="C:/Users/trevo/CRP/CRP.runs/crp_arck_fifo_0_1_synth_1" FlowId="Vivado_Synthesis" FromStepId="vivado" ToStepId="vivado"/>
	<Run Id="synth_1" LaunchDir="C:/Users/trevo/CRP/CRP.runs/synth_1" FlowId="Vivado_Synthesis" FromStepId="vivado" ToStepId="vivado">
		<Parent Id="crp_arck_fifo_0_0_synth_1"/>
		<Parent Id="crp_arck_fifo_0_1_synth_1"/>
	</Run>
	<Parameters>
		<Parameter Name="runs.monitorLSFJobs" Val="true" Type="bool"/>
		<Parameter Name="runs.enableClusterConf" Val="true" Type="bool"/>
	</Parameters>
</Runs>

