<?xml version="1.0"?>
<Runs Version="1" Minor="0">
	<Run Id="crp_arck_image_thresholding_0_1_synth_1" LaunchDir="C:/Users/trevo/CRP/CRP.runs/crp_arck_image_thresholding_0_1_synth_1" FlowId="Vivado_Synthesis" FromStepId="vivado" ToStepId="vivado"/>
	<Run Id="crp_arck_uart_multiplexer_0_1_synth_1" LaunchDir="C:/Users/trevo/CRP/CRP.runs/crp_arck_uart_multiplexer_0_1_synth_1" FlowId="Vivado_Synthesis" FromStepId="vivado" ToStepId="vivado"/>
	<Run Id="crp_arck_camera_pair_synchron_0_0_synth_1" LaunchDir="C:/Users/trevo/CRP/CRP.runs/crp_arck_camera_pair_synchron_0_0_synth_1" FlowId="Vivado_Synthesis" FromStepId="vivado" ToStepId="vivado"/>
	<Run Id="crp_arck_sync_mgr_1_1_synth_1" LaunchDir="C:/Users/trevo/CRP/CRP.runs/crp_arck_sync_mgr_1_1_synth_1" FlowId="Vivado_Synthesis" FromStepId="vivado" ToStepId="vivado"/>
	<Run Id="crp_arck_image_capture_0_1_synth_1" LaunchDir="C:/Users/trevo/CRP/CRP.runs/crp_arck_image_capture_0_1_synth_1" FlowId="Vivado_Synthesis" FromStepId="vivado" ToStepId="vivado"/>
	<Run Id="crp_arck_candDH_tx_combiner_0_0_synth_1" LaunchDir="C:/Users/trevo/CRP/CRP.runs/crp_arck_candDH_tx_combiner_0_0_synth_1" FlowId="Vivado_Synthesis" FromStepId="vivado" ToStepId="vivado"/>
	<Run Id="crp_arck_singlecam_reset_conc_0_1_synth_1" LaunchDir="C:/Users/trevo/CRP/CRP.runs/crp_arck_singlecam_reset_conc_0_1_synth_1" FlowId="Vivado_Synthesis" FromStepId="vivado" ToStepId="vivado"/>
	<Run Id="crp_arck_command_splitter_0_0_synth_1" LaunchDir="C:/Users/trevo/CRP/CRP.runs/crp_arck_command_splitter_0_0_synth_1" FlowId="Vivado_Synthesis" FromStepId="vivado" ToStepId="vivado"/>
	<Run Id="crp_arck_image_capture_0_0_synth_1" LaunchDir="C:/Users/trevo/CRP/CRP.runs/crp_arck_image_capture_0_0_synth_1" FlowId="Vivado_Synthesis" FromStepId="vivado" ToStepId="vivado"/>
	<Run Id="crp_arck_cAndDH_0_0_synth_1" LaunchDir="C:/Users/trevo/CRP/CRP.runs/crp_arck_cAndDH_0_0_synth_1" FlowId="Vivado_Synthesis" FromStepId="vivado" ToStepId="vivado"/>
	<Run Id="crp_arck_sync_mgr_1_0_synth_1" LaunchDir="C:/Users/trevo/CRP/CRP.runs/crp_arck_sync_mgr_1_0_synth_1" FlowId="Vivado_Synthesis" FromStepId="vivado" ToStepId="vivado"/>
	<Run Id="crp_arck_uartmgr_0_0_synth_1" LaunchDir="C:/Users/trevo/CRP/CRP.runs/crp_arck_uartmgr_0_0_synth_1" FlowId="Vivado_Synthesis" FromStepId="vivado" ToStepId="vivado"/>
	<Run Id="crp_arck_singlecam_reset_conc_0_0_synth_1" LaunchDir="C:/Users/trevo/CRP/CRP.runs/crp_arck_singlecam_reset_conc_0_0_synth_1" FlowId="Vivado_Synthesis" FromStepId="vivado" ToStepId="vivado"/>
	<Run Id="crp_arck_cAndDH_0_1_synth_1" LaunchDir="C:/Users/trevo/CRP/CRP.runs/crp_arck_cAndDH_0_1_synth_1" FlowId="Vivado_Synthesis" FromStepId="vivado" ToStepId="vivado"/>
	<Run Id="crp_arck_image_thresholding_0_0_synth_1" LaunchDir="C:/Users/trevo/CRP/CRP.runs/crp_arck_image_thresholding_0_0_synth_1" FlowId="Vivado_Synthesis" FromStepId="vivado" ToStepId="vivado"/>
	<Run Id="crp_arck_uart_multiplexer_0_0_synth_1" LaunchDir="C:/Users/trevo/CRP/CRP.runs/crp_arck_uart_multiplexer_0_0_synth_1" FlowId="Vivado_Synthesis" FromStepId="vivado" ToStepId="vivado"/>
	<Run Id="crp_arck_camera_config_mgr_0_1_synth_1" LaunchDir="C:/Users/trevo/CRP/CRP.runs/crp_arck_camera_config_mgr_0_1_synth_1" FlowId="Vivado_Synthesis" FromStepId="vivado" ToStepId="vivado"/>
	<Run Id="crp_arck_camera_uart_0_0_synth_1" LaunchDir="C:/Users/trevo/CRP/CRP.runs/crp_arck_camera_uart_0_0_synth_1" FlowId="Vivado_Synthesis" FromStepId="vivado" ToStepId="vivado"/>
	<Run Id="crp_arck_uartmgr_1_0_synth_1" LaunchDir="C:/Users/trevo/CRP/CRP.runs/crp_arck_uartmgr_1_0_synth_1" FlowId="Vivado_Synthesis" FromStepId="vivado" ToStepId="vivado"/>
	<Run Id="crp_arck_fifo_0_0_synth_1" LaunchDir="C:/Users/trevo/CRP/CRP.runs/crp_arck_fifo_0_0_synth_1" FlowId="Vivado_Synthesis" FromStepId="vivado" ToStepId="vivado"/>
	<Run Id="crp_arck_fifo_0_1_synth_1" LaunchDir="C:/Users/trevo/CRP/CRP.runs/crp_arck_fifo_0_1_synth_1" FlowId="Vivado_Synthesis" FromStepId="vivado" ToStepId="vivado"/>
	<Run Id="crp_arck_clk_div_0_0_synth_1" LaunchDir="C:/Users/trevo/CRP/CRP.runs/crp_arck_clk_div_0_0_synth_1" FlowId="Vivado_Synthesis" FromStepId="vivado" ToStepId="vivado"/>
	<Run Id="crp_arck_camera_config_mgr_0_0_synth_1" LaunchDir="C:/Users/trevo/CRP/CRP.runs/crp_arck_camera_config_mgr_0_0_synth_1" FlowId="Vivado_Synthesis" FromStepId="vivado" ToStepId="vivado"/>
	<Run Id="synth_1" LaunchDir="C:/Users/trevo/CRP/CRP.runs/synth_1" FlowId="Vivado_Synthesis" FromStepId="vivado" ToStepId="vivado">
		<Parent Id="crp_arck_image_thresholding_0_1_synth_1"/>
		<Parent Id="crp_arck_uart_multiplexer_0_1_synth_1"/>
		<Parent Id="crp_arck_camera_pair_synchron_0_0_synth_1"/>
		<Parent Id="crp_arck_sync_mgr_1_1_synth_1"/>
		<Parent Id="crp_arck_image_capture_0_1_synth_1"/>
		<Parent Id="crp_arck_candDH_tx_combiner_0_0_synth_1"/>
		<Parent Id="crp_arck_singlecam_reset_conc_0_1_synth_1"/>
		<Parent Id="crp_arck_command_splitter_0_0_synth_1"/>
		<Parent Id="crp_arck_image_capture_0_0_synth_1"/>
		<Parent Id="crp_arck_cAndDH_0_0_synth_1"/>
		<Parent Id="crp_arck_sync_mgr_1_0_synth_1"/>
		<Parent Id="crp_arck_uartmgr_0_0_synth_1"/>
		<Parent Id="crp_arck_singlecam_reset_conc_0_0_synth_1"/>
		<Parent Id="crp_arck_cAndDH_0_1_synth_1"/>
		<Parent Id="crp_arck_image_thresholding_0_0_synth_1"/>
		<Parent Id="crp_arck_uart_multiplexer_0_0_synth_1"/>
		<Parent Id="crp_arck_camera_config_mgr_0_1_synth_1"/>
		<Parent Id="crp_arck_camera_uart_0_0_synth_1"/>
		<Parent Id="crp_arck_uartmgr_1_0_synth_1"/>
		<Parent Id="crp_arck_fifo_0_0_synth_1"/>
		<Parent Id="crp_arck_fifo_0_1_synth_1"/>
		<Parent Id="crp_arck_clk_div_0_0_synth_1"/>
		<Parent Id="crp_arck_camera_config_mgr_0_0_synth_1"/>
	</Run>
	<Parameters>
		<Parameter Name="runs.monitorLSFJobs" Val="true" Type="bool"/>
		<Parameter Name="runs.enableClusterConf" Val="true" Type="bool"/>
	</Parameters>
</Runs>

