<?xml version="1.0"?>
<Runs Version="1" Minor="0">
	<Run Id="crp_arck_image_capture_0_0_synth_1" LaunchDir="C:/Users/butchertd/CRP_fullscale-main/CRP_fullscale-main/CRP.runs/crp_arck_image_capture_0_0_synth_1" FlowId="Vivado_Synthesis" FromStepId="vivado" ToStepId="vivado"/>
	<Run Id="crp_arck_uart_multiplexer_5_0_synth_1" LaunchDir="C:/Users/butchertd/CRP_fullscale-main/CRP_fullscale-main/CRP.runs/crp_arck_uart_multiplexer_5_0_synth_1" FlowId="Vivado_Synthesis" FromStepId="vivado" ToStepId="vivado"/>
	<Run Id="crp_arck_sync_mgr_5_0_synth_1" LaunchDir="C:/Users/butchertd/CRP_fullscale-main/CRP_fullscale-main/CRP.runs/crp_arck_sync_mgr_5_0_synth_1" FlowId="Vivado_Synthesis" FromStepId="vivado" ToStepId="vivado"/>
	<Run Id="crp_arck_sync_mgr_6_0_synth_1" LaunchDir="C:/Users/butchertd/CRP_fullscale-main/CRP_fullscale-main/CRP.runs/crp_arck_sync_mgr_6_0_synth_1" FlowId="Vivado_Synthesis" FromStepId="vivado" ToStepId="vivado"/>
	<Run Id="crp_arck_image_capture_0_1_synth_1" LaunchDir="C:/Users/butchertd/CRP_fullscale-main/CRP_fullscale-main/CRP.runs/crp_arck_image_capture_0_1_synth_1" FlowId="Vivado_Synthesis" FromStepId="vivado" ToStepId="vivado"/>
	<Run Id="crp_arck_uart_multiplexer_4_0_synth_1" LaunchDir="C:/Users/butchertd/CRP_fullscale-main/CRP_fullscale-main/CRP.runs/crp_arck_uart_multiplexer_4_0_synth_1" FlowId="Vivado_Synthesis" FromStepId="vivado" ToStepId="vivado"/>
	<Run Id="crp_arck_camera_uart_4_0_synth_1" LaunchDir="C:/Users/butchertd/CRP_fullscale-main/CRP_fullscale-main/CRP.runs/crp_arck_camera_uart_4_0_synth_1" FlowId="Vivado_Synthesis" FromStepId="vivado" ToStepId="vivado"/>
	<Run Id="crp_arck_fifo_4_0_synth_1" LaunchDir="C:/Users/butchertd/CRP_fullscale-main/CRP_fullscale-main/CRP.runs/crp_arck_fifo_4_0_synth_1" FlowId="Vivado_Synthesis" FromStepId="vivado" ToStepId="vivado"/>
	<Run Id="crp_arck_fifo_5_0_synth_1" LaunchDir="C:/Users/butchertd/CRP_fullscale-main/CRP_fullscale-main/CRP.runs/crp_arck_fifo_5_0_synth_1" FlowId="Vivado_Synthesis" FromStepId="vivado" ToStepId="vivado"/>
	<Run Id="crp_arck_image_capture_5_0_synth_1" LaunchDir="C:/Users/butchertd/CRP_fullscale-main/CRP_fullscale-main/CRP.runs/crp_arck_image_capture_5_0_synth_1" FlowId="Vivado_Synthesis" FromStepId="vivado" ToStepId="vivado"/>
	<Run Id="crp_arck_image_thresholding_4_0_synth_1" LaunchDir="C:/Users/butchertd/CRP_fullscale-main/CRP_fullscale-main/CRP.runs/crp_arck_image_thresholding_4_0_synth_1" FlowId="Vivado_Synthesis" FromStepId="vivado" ToStepId="vivado"/>
	<Run Id="crp_arck_image_capture_4_0_synth_1" LaunchDir="C:/Users/butchertd/CRP_fullscale-main/CRP_fullscale-main/CRP.runs/crp_arck_image_capture_4_0_synth_1" FlowId="Vivado_Synthesis" FromStepId="vivado" ToStepId="vivado"/>
	<Run Id="crp_arck_camera_uart_5_0_synth_1" LaunchDir="C:/Users/butchertd/CRP_fullscale-main/CRP_fullscale-main/CRP.runs/crp_arck_camera_uart_5_0_synth_1" FlowId="Vivado_Synthesis" FromStepId="vivado" ToStepId="vivado"/>
	<Run Id="crp_arck_cAndDH_4_0_synth_1" LaunchDir="C:/Users/butchertd/CRP_fullscale-main/CRP_fullscale-main/CRP.runs/crp_arck_cAndDH_4_0_synth_1" FlowId="Vivado_Synthesis" FromStepId="vivado" ToStepId="vivado"/>
	<Run Id="crp_arck_cAndDH_5_0_synth_1" LaunchDir="C:/Users/butchertd/CRP_fullscale-main/CRP_fullscale-main/CRP.runs/crp_arck_cAndDH_5_0_synth_1" FlowId="Vivado_Synthesis" FromStepId="vivado" ToStepId="vivado"/>
	<Run Id="crp_arck_camera_pair_synchron_2_0_synth_1" LaunchDir="C:/Users/butchertd/CRP_fullscale-main/CRP_fullscale-main/CRP.runs/crp_arck_camera_pair_synchron_2_0_synth_1" FlowId="Vivado_Synthesis" FromStepId="vivado" ToStepId="vivado"/>
	<Run Id="crp_arck_camera_config_mgr_5_0_synth_1" LaunchDir="C:/Users/butchertd/CRP_fullscale-main/CRP_fullscale-main/CRP.runs/crp_arck_camera_config_mgr_5_0_synth_1" FlowId="Vivado_Synthesis" FromStepId="vivado" ToStepId="vivado"/>
	<Run Id="crp_arck_camera_config_mgr_4_0_synth_1" LaunchDir="C:/Users/butchertd/CRP_fullscale-main/CRP_fullscale-main/CRP.runs/crp_arck_camera_config_mgr_4_0_synth_1" FlowId="Vivado_Synthesis" FromStepId="vivado" ToStepId="vivado"/>
	<Run Id="crp_arck_camera_pair_synchron_1_1_synth_1" LaunchDir="C:/Users/butchertd/CRP_fullscale-main/CRP_fullscale-main/CRP.runs/crp_arck_camera_pair_synchron_1_1_synth_1" FlowId="Vivado_Synthesis" FromStepId="vivado" ToStepId="vivado"/>
	<Run Id="crp_arck_cAndDH_3_1_synth_1" LaunchDir="C:/Users/butchertd/CRP_fullscale-main/CRP_fullscale-main/CRP.runs/crp_arck_cAndDH_3_1_synth_1" FlowId="Vivado_Synthesis" FromStepId="vivado" ToStepId="vivado"/>
	<Run Id="crp_arck_camera_uart_2_1_synth_1" LaunchDir="C:/Users/butchertd/CRP_fullscale-main/CRP_fullscale-main/CRP.runs/crp_arck_camera_uart_2_1_synth_1" FlowId="Vivado_Synthesis" FromStepId="vivado" ToStepId="vivado"/>
	<Run Id="crp_arck_fifo_3_1_synth_1" LaunchDir="C:/Users/butchertd/CRP_fullscale-main/CRP_fullscale-main/CRP.runs/crp_arck_fifo_3_1_synth_1" FlowId="Vivado_Synthesis" FromStepId="vivado" ToStepId="vivado"/>
	<Run Id="crp_arck_camera_config_mgr_2_1_synth_1" LaunchDir="C:/Users/butchertd/CRP_fullscale-main/CRP_fullscale-main/CRP.runs/crp_arck_camera_config_mgr_2_1_synth_1" FlowId="Vivado_Synthesis" FromStepId="vivado" ToStepId="vivado"/>
	<Run Id="crp_arck_camera_config_mgr_3_1_synth_1" LaunchDir="C:/Users/butchertd/CRP_fullscale-main/CRP_fullscale-main/CRP.runs/crp_arck_camera_config_mgr_3_1_synth_1" FlowId="Vivado_Synthesis" FromStepId="vivado" ToStepId="vivado"/>
	<Run Id="crp_arck_fifo_2_1_synth_1" LaunchDir="C:/Users/butchertd/CRP_fullscale-main/CRP_fullscale-main/CRP.runs/crp_arck_fifo_2_1_synth_1" FlowId="Vivado_Synthesis" FromStepId="vivado" ToStepId="vivado"/>
	<Run Id="crp_arck_image_thresholding_2_1_synth_1" LaunchDir="C:/Users/butchertd/CRP_fullscale-main/CRP_fullscale-main/CRP.runs/crp_arck_image_thresholding_2_1_synth_1" FlowId="Vivado_Synthesis" FromStepId="vivado" ToStepId="vivado"/>
	<Run Id="crp_arck_image_capture_3_1_synth_1" LaunchDir="C:/Users/butchertd/CRP_fullscale-main/CRP_fullscale-main/CRP.runs/crp_arck_image_capture_3_1_synth_1" FlowId="Vivado_Synthesis" FromStepId="vivado" ToStepId="vivado"/>
	<Run Id="crp_arck_image_thresholding_3_1_synth_1" LaunchDir="C:/Users/butchertd/CRP_fullscale-main/CRP_fullscale-main/CRP.runs/crp_arck_image_thresholding_3_1_synth_1" FlowId="Vivado_Synthesis" FromStepId="vivado" ToStepId="vivado"/>
	<Run Id="crp_arck_singlecam_reset_conc_2_1_synth_1" LaunchDir="C:/Users/butchertd/CRP_fullscale-main/CRP_fullscale-main/CRP.runs/crp_arck_singlecam_reset_conc_2_1_synth_1" FlowId="Vivado_Synthesis" FromStepId="vivado" ToStepId="vivado"/>
	<Run Id="crp_arck_sync_mgr_3_1_synth_1" LaunchDir="C:/Users/butchertd/CRP_fullscale-main/CRP_fullscale-main/CRP.runs/crp_arck_sync_mgr_3_1_synth_1" FlowId="Vivado_Synthesis" FromStepId="vivado" ToStepId="vivado"/>
	<Run Id="crp_arck_sync_mgr_4_1_synth_1" LaunchDir="C:/Users/butchertd/CRP_fullscale-main/CRP_fullscale-main/CRP.runs/crp_arck_sync_mgr_4_1_synth_1" FlowId="Vivado_Synthesis" FromStepId="vivado" ToStepId="vivado"/>
	<Run Id="crp_arck_image_thresholding_5_0_synth_1" LaunchDir="C:/Users/butchertd/CRP_fullscale-main/CRP_fullscale-main/CRP.runs/crp_arck_image_thresholding_5_0_synth_1" FlowId="Vivado_Synthesis" FromStepId="vivado" ToStepId="vivado"/>
	<Run Id="crp_arck_cAndDH_2_1_synth_1" LaunchDir="C:/Users/butchertd/CRP_fullscale-main/CRP_fullscale-main/CRP.runs/crp_arck_cAndDH_2_1_synth_1" FlowId="Vivado_Synthesis" FromStepId="vivado" ToStepId="vivado"/>
	<Run Id="crp_arck_camera_uart_3_1_synth_1" LaunchDir="C:/Users/butchertd/CRP_fullscale-main/CRP_fullscale-main/CRP.runs/crp_arck_camera_uart_3_1_synth_1" FlowId="Vivado_Synthesis" FromStepId="vivado" ToStepId="vivado"/>
	<Run Id="crp_arck_singlecam_reset_conc_4_0_synth_1" LaunchDir="C:/Users/butchertd/CRP_fullscale-main/CRP_fullscale-main/CRP.runs/crp_arck_singlecam_reset_conc_4_0_synth_1" FlowId="Vivado_Synthesis" FromStepId="vivado" ToStepId="vivado"/>
	<Run Id="crp_arck_singlecam_reset_conc_5_0_synth_1" LaunchDir="C:/Users/butchertd/CRP_fullscale-main/CRP_fullscale-main/CRP.runs/crp_arck_singlecam_reset_conc_5_0_synth_1" FlowId="Vivado_Synthesis" FromStepId="vivado" ToStepId="vivado"/>
	<Run Id="crp_arck_image_capture_2_1_synth_1" LaunchDir="C:/Users/butchertd/CRP_fullscale-main/CRP_fullscale-main/CRP.runs/crp_arck_image_capture_2_1_synth_1" FlowId="Vivado_Synthesis" FromStepId="vivado" ToStepId="vivado"/>
	<Run Id="crp_arck_uart_multiplexer_3_1_synth_1" LaunchDir="C:/Users/butchertd/CRP_fullscale-main/CRP_fullscale-main/CRP.runs/crp_arck_uart_multiplexer_3_1_synth_1" FlowId="Vivado_Synthesis" FromStepId="vivado" ToStepId="vivado"/>
	<Run Id="crp_arck_singlecam_reset_conc_3_1_synth_1" LaunchDir="C:/Users/butchertd/CRP_fullscale-main/CRP_fullscale-main/CRP.runs/crp_arck_singlecam_reset_conc_3_1_synth_1" FlowId="Vivado_Synthesis" FromStepId="vivado" ToStepId="vivado"/>
	<Run Id="crp_arck_uart_multiplexer_2_1_synth_1" LaunchDir="C:/Users/butchertd/CRP_fullscale-main/CRP_fullscale-main/CRP.runs/crp_arck_uart_multiplexer_2_1_synth_1" FlowId="Vivado_Synthesis" FromStepId="vivado" ToStepId="vivado"/>
	<Run Id="crp_arck_cAndDH_1_2_synth_1" LaunchDir="C:/Users/butchertd/CRP_fullscale-main/CRP_fullscale-main/CRP.runs/crp_arck_cAndDH_1_2_synth_1" FlowId="Vivado_Synthesis" FromStepId="vivado" ToStepId="vivado"/>
	<Run Id="crp_arck_image_thresholding_1_2_synth_1" LaunchDir="C:/Users/butchertd/CRP_fullscale-main/CRP_fullscale-main/CRP.runs/crp_arck_image_thresholding_1_2_synth_1" FlowId="Vivado_Synthesis" FromStepId="vivado" ToStepId="vivado"/>
	<Run Id="crp_arck_camera_uart_0_3_synth_1" LaunchDir="C:/Users/butchertd/CRP_fullscale-main/CRP_fullscale-main/CRP.runs/crp_arck_camera_uart_0_3_synth_1" FlowId="Vivado_Synthesis" FromStepId="vivado" ToStepId="vivado"/>
	<Run Id="crp_arck_camera_pair_synchron_0_3_synth_1" LaunchDir="C:/Users/butchertd/CRP_fullscale-main/CRP_fullscale-main/CRP.runs/crp_arck_camera_pair_synchron_0_3_synth_1" FlowId="Vivado_Synthesis" FromStepId="vivado" ToStepId="vivado"/>
	<Run Id="crp_arck_sync_mgr_2_2_synth_1" LaunchDir="C:/Users/butchertd/CRP_fullscale-main/CRP_fullscale-main/CRP.runs/crp_arck_sync_mgr_2_2_synth_1" FlowId="Vivado_Synthesis" FromStepId="vivado" ToStepId="vivado"/>
	<Run Id="crp_arck_camera_config_mgr_0_4_synth_1" LaunchDir="C:/Users/butchertd/CRP_fullscale-main/CRP_fullscale-main/CRP.runs/crp_arck_camera_config_mgr_0_4_synth_1" FlowId="Vivado_Synthesis" FromStepId="vivado" ToStepId="vivado"/>
	<Run Id="crp_arck_singlecam_reset_conc_1_2_synth_1" LaunchDir="C:/Users/butchertd/CRP_fullscale-main/CRP_fullscale-main/CRP.runs/crp_arck_singlecam_reset_conc_1_2_synth_1" FlowId="Vivado_Synthesis" FromStepId="vivado" ToStepId="vivado"/>
	<Run Id="crp_arck_image_capture_1_2_synth_1" LaunchDir="C:/Users/butchertd/CRP_fullscale-main/CRP_fullscale-main/CRP.runs/crp_arck_image_capture_1_2_synth_1" FlowId="Vivado_Synthesis" FromStepId="vivado" ToStepId="vivado"/>
	<Run Id="crp_arck_uart_multiplexer_0_4_synth_1" LaunchDir="C:/Users/butchertd/CRP_fullscale-main/CRP_fullscale-main/CRP.runs/crp_arck_uart_multiplexer_0_4_synth_1" FlowId="Vivado_Synthesis" FromStepId="vivado" ToStepId="vivado"/>
	<Run Id="crp_arck_fifo_1_2_synth_1" LaunchDir="C:/Users/butchertd/CRP_fullscale-main/CRP_fullscale-main/CRP.runs/crp_arck_fifo_1_2_synth_1" FlowId="Vivado_Synthesis" FromStepId="vivado" ToStepId="vivado"/>
	<Run Id="crp_arck_uart_multiplexer_1_2_synth_1" LaunchDir="C:/Users/butchertd/CRP_fullscale-main/CRP_fullscale-main/CRP.runs/crp_arck_uart_multiplexer_1_2_synth_1" FlowId="Vivado_Synthesis" FromStepId="vivado" ToStepId="vivado"/>
	<Run Id="crp_arck_camera_config_mgr_1_2_synth_1" LaunchDir="C:/Users/butchertd/CRP_fullscale-main/CRP_fullscale-main/CRP.runs/crp_arck_camera_config_mgr_1_2_synth_1" FlowId="Vivado_Synthesis" FromStepId="vivado" ToStepId="vivado"/>
	<Run Id="crp_arck_cAndDH_0_4_synth_1" LaunchDir="C:/Users/butchertd/CRP_fullscale-main/CRP_fullscale-main/CRP.runs/crp_arck_cAndDH_0_4_synth_1" FlowId="Vivado_Synthesis" FromStepId="vivado" ToStepId="vivado"/>
	<Run Id="crp_arck_camera_uart_1_2_synth_1" LaunchDir="C:/Users/butchertd/CRP_fullscale-main/CRP_fullscale-main/CRP.runs/crp_arck_camera_uart_1_2_synth_1" FlowId="Vivado_Synthesis" FromStepId="vivado" ToStepId="vivado"/>
	<Run Id="crp_arck_image_thresholding_0_4_synth_1" LaunchDir="C:/Users/butchertd/CRP_fullscale-main/CRP_fullscale-main/CRP.runs/crp_arck_image_thresholding_0_4_synth_1" FlowId="Vivado_Synthesis" FromStepId="vivado" ToStepId="vivado"/>
	<Run Id="crp_arck_sync_mgr_1_4_synth_1" LaunchDir="C:/Users/butchertd/CRP_fullscale-main/CRP_fullscale-main/CRP.runs/crp_arck_sync_mgr_1_4_synth_1" FlowId="Vivado_Synthesis" FromStepId="vivado" ToStepId="vivado"/>
	<Run Id="crp_arck_singlecam_reset_conc_0_4_synth_1" LaunchDir="C:/Users/butchertd/CRP_fullscale-main/CRP_fullscale-main/CRP.runs/crp_arck_singlecam_reset_conc_0_4_synth_1" FlowId="Vivado_Synthesis" FromStepId="vivado" ToStepId="vivado"/>
	<Run Id="crp_arck_fifo_0_4_synth_1" LaunchDir="C:/Users/butchertd/CRP_fullscale-main/CRP_fullscale-main/CRP.runs/crp_arck_fifo_0_4_synth_1" FlowId="Vivado_Synthesis" FromStepId="vivado" ToStepId="vivado"/>
	<Run Id="crp_arck_image_capture_0_4_synth_1" LaunchDir="C:/Users/butchertd/CRP_fullscale-main/CRP_fullscale-main/CRP.runs/crp_arck_image_capture_0_4_synth_1" FlowId="Vivado_Synthesis" FromStepId="vivado" ToStepId="vivado"/>
	<Run Id="synth_1" LaunchDir="C:/Users/butchertd/CRP_fullscale-main/CRP_fullscale-main/CRP.runs/synth_1" FlowId="Vivado_Synthesis" FromStepId="vivado" ToStepId="vivado">
		<Parent Id="crp_arck_image_capture_0_0_synth_1"/>
		<Parent Id="crp_arck_uart_multiplexer_5_0_synth_1"/>
		<Parent Id="crp_arck_sync_mgr_5_0_synth_1"/>
		<Parent Id="crp_arck_sync_mgr_6_0_synth_1"/>
		<Parent Id="crp_arck_image_capture_0_1_synth_1"/>
		<Parent Id="crp_arck_uart_multiplexer_4_0_synth_1"/>
		<Parent Id="crp_arck_camera_uart_4_0_synth_1"/>
		<Parent Id="crp_arck_fifo_4_0_synth_1"/>
		<Parent Id="crp_arck_fifo_5_0_synth_1"/>
		<Parent Id="crp_arck_image_capture_5_0_synth_1"/>
		<Parent Id="crp_arck_image_thresholding_4_0_synth_1"/>
		<Parent Id="crp_arck_image_capture_4_0_synth_1"/>
		<Parent Id="crp_arck_camera_uart_5_0_synth_1"/>
		<Parent Id="crp_arck_cAndDH_4_0_synth_1"/>
		<Parent Id="crp_arck_cAndDH_5_0_synth_1"/>
		<Parent Id="crp_arck_camera_pair_synchron_2_0_synth_1"/>
		<Parent Id="crp_arck_camera_config_mgr_5_0_synth_1"/>
		<Parent Id="crp_arck_camera_config_mgr_4_0_synth_1"/>
		<Parent Id="crp_arck_camera_pair_synchron_1_1_synth_1"/>
		<Parent Id="crp_arck_cAndDH_3_1_synth_1"/>
		<Parent Id="crp_arck_camera_uart_2_1_synth_1"/>
		<Parent Id="crp_arck_fifo_3_1_synth_1"/>
		<Parent Id="crp_arck_camera_config_mgr_2_1_synth_1"/>
		<Parent Id="crp_arck_camera_config_mgr_3_1_synth_1"/>
		<Parent Id="crp_arck_fifo_2_1_synth_1"/>
		<Parent Id="crp_arck_image_thresholding_2_1_synth_1"/>
		<Parent Id="crp_arck_image_capture_3_1_synth_1"/>
		<Parent Id="crp_arck_image_thresholding_3_1_synth_1"/>
		<Parent Id="crp_arck_singlecam_reset_conc_2_1_synth_1"/>
		<Parent Id="crp_arck_sync_mgr_3_1_synth_1"/>
		<Parent Id="crp_arck_sync_mgr_4_1_synth_1"/>
		<Parent Id="crp_arck_image_thresholding_5_0_synth_1"/>
		<Parent Id="crp_arck_cAndDH_2_1_synth_1"/>
		<Parent Id="crp_arck_camera_uart_3_1_synth_1"/>
		<Parent Id="crp_arck_singlecam_reset_conc_4_0_synth_1"/>
		<Parent Id="crp_arck_singlecam_reset_conc_5_0_synth_1"/>
		<Parent Id="crp_arck_image_capture_2_1_synth_1"/>
		<Parent Id="crp_arck_uart_multiplexer_3_1_synth_1"/>
		<Parent Id="crp_arck_singlecam_reset_conc_3_1_synth_1"/>
		<Parent Id="crp_arck_uart_multiplexer_2_1_synth_1"/>
		<Parent Id="crp_arck_cAndDH_1_2_synth_1"/>
		<Parent Id="crp_arck_image_thresholding_1_2_synth_1"/>
		<Parent Id="crp_arck_camera_uart_0_3_synth_1"/>
		<Parent Id="crp_arck_camera_pair_synchron_0_3_synth_1"/>
		<Parent Id="crp_arck_sync_mgr_2_2_synth_1"/>
		<Parent Id="crp_arck_camera_config_mgr_0_4_synth_1"/>
		<Parent Id="crp_arck_singlecam_reset_conc_1_2_synth_1"/>
		<Parent Id="crp_arck_image_capture_1_2_synth_1"/>
		<Parent Id="crp_arck_uart_multiplexer_0_4_synth_1"/>
		<Parent Id="crp_arck_fifo_1_2_synth_1"/>
		<Parent Id="crp_arck_uart_multiplexer_1_2_synth_1"/>
		<Parent Id="crp_arck_camera_config_mgr_1_2_synth_1"/>
		<Parent Id="crp_arck_cAndDH_0_4_synth_1"/>
		<Parent Id="crp_arck_camera_uart_1_2_synth_1"/>
		<Parent Id="crp_arck_image_thresholding_0_4_synth_1"/>
		<Parent Id="crp_arck_sync_mgr_1_4_synth_1"/>
		<Parent Id="crp_arck_singlecam_reset_conc_0_4_synth_1"/>
		<Parent Id="crp_arck_fifo_0_4_synth_1"/>
		<Parent Id="crp_arck_image_capture_0_4_synth_1"/>
	</Run>
	<Parameters>
		<Parameter Name="runs.monitorLSFJobs" Val="true" Type="bool"/>
		<Parameter Name="runs.enableClusterConf" Val="true" Type="bool"/>
	</Parameters>
</Runs>

